{"data_time": 0.0008853969993651845, "eta_seconds": 2596.757182673464, "iteration": 19, "lr": 9.9999118178139e-05, "time": 0.26019611048832303, "total_loss": 10.366102695465088}
{"data_time": 0.0008855084961396642, "eta_seconds": 2601.7616679385537, "iteration": 39, "lr": 9.999628465857546e-05, "time": 0.26161070550006116, "total_loss": 4.3551483154296875}
{"data_time": 0.000996718998067081, "eta_seconds": 2600.410412670608, "iteration": 59, "lr": 9.999149711044482e-05, "time": 0.26303149650630075, "total_loss": 3.922991991043091}
{"data_time": 0.0008315160011989065, "eta_seconds": 2670.952310147186, "iteration": 19, "lr": 9.9999118178139e-05, "time": 0.267630491998716, "total_loss": 10.295559883117676}
{"data_time": 0.0008214879999286495, "eta_seconds": 2673.644486935227, "iteration": 39, "lr": 9.999628465857546e-05, "time": 0.26937652450033056, "total_loss": 4.684939861297607}
{"data_time": 0.0008539899990864797, "eta_seconds": 2677.602653533286, "iteration": 59, "lr": 9.999149711044482e-05, "time": 0.2710831060012424, "total_loss": 4.057464599609375}
{"data_time": 0.0008489650008414173, "eta_seconds": 2681.3939452945488, "iteration": 79, "lr": 9.998475572275127e-05, "time": 0.2735347859998001, "total_loss": 3.595412850379944}
{"data_time": 0.0011016180014848942, "eta_seconds": 2683.7227494123, "iteration": 99, "lr": 9.997606076163327e-05, "time": 0.2763387614977546, "total_loss": 3.401644706726074}
{"data_time": 0.0009619765005481895, "eta_seconds": 3282.0470114834097, "iteration": 19, "lr": 9.9999118178139e-05, "time": 0.32886242600034166, "total_loss": 9.054109573364258}
{"data_time": 0.0009689140006230446, "eta_seconds": 3381.9105250212306, "iteration": 39, "lr": 9.999628465857546e-05, "time": 0.33982932700200763, "total_loss": 4.34161901473999}
{"data_time": 0.0009587330005160766, "eta_seconds": 3377.903510399956, "iteration": 59, "lr": 9.999149711044482e-05, "time": 0.3543140934998519, "total_loss": 3.892267107963562}
{"data_time": 0.0010313125003449386, "eta_seconds": 3392.299922562088, "iteration": 79, "lr": 9.998475572275127e-05, "time": 0.34738719849883637, "total_loss": 3.5486773252487183}
{"data_time": 0.0009591575017111609, "eta_seconds": 3397.794384581357, "iteration": 99, "lr": 9.997606076163327e-05, "time": 0.3466006304988696, "total_loss": 3.346197485923767}
{"data_time": 0.0006793664979340974, "eta_seconds": 3375.8817723676475, "iteration": 119, "lr": 9.996541257035299e-05, "time": 0.3358085519994347, "total_loss": 3.239151120185852}
{"data_time": 0.0008349714989890344, "eta_seconds": 3392.3022565103383, "iteration": 139, "lr": 9.995281156928277e-05, "time": 0.3479875605007692, "total_loss": 3.187095046043396}
{"data_time": 0.0009867319986369694, "eta_seconds": 3305.983761460375, "iteration": 159, "lr": 9.993825825588856e-05, "time": 0.2765628034976544, "total_loss": 3.0498000383377075}
{"data_time": 0.001042585001414409, "eta_seconds": 3286.9094947944905, "iteration": 179, "lr": 9.992175320471028e-05, "time": 0.27671979799924884, "total_loss": 3.0048675537109375}
{"data_time": 0.000887816000613384, "eta_seconds": 3277.6007390071754, "iteration": 199, "lr": 9.990329706733908e-05, "time": 0.2844375624990789, "total_loss": 2.942506790161133}
{"data_time": 0.0010524359986447962, "eta_seconds": 3264.1793868335662, "iteration": 219, "lr": 9.988289057239165e-05, "time": 0.27715187250032614, "total_loss": 2.895691752433777}
{"data_time": 0.0010760274999483954, "eta_seconds": 3265.2560240851017, "iteration": 239, "lr": 9.986053452548148e-05, "time": 0.336212208498182, "total_loss": 2.839706540107727}
{"data_time": 0.0008586855001340155, "eta_seconds": 2626.5037553877482, "iteration": 19, "lr": 9.9999118178139e-05, "time": 0.26317672899676836, "total_loss": 8.857168197631836}
{"data_time": 0.000862872002471704, "eta_seconds": 2627.3683399081347, "iteration": 39, "lr": 9.999628465857546e-05, "time": 0.26498549149982864, "total_loss": 4.628263473510742}
{"data_time": 0.0010776790004456416, "eta_seconds": 363.7027930209297, "iteration": 19, "lr": 9.987296999709867e-05, "time": 0.44735890900483355, "total_loss": 11.365708351135254}
{"data_time": 0.0011199415021110326, "eta_seconds": 355.4946008277475, "iteration": 39, "lr": 9.946552049776752e-05, "time": 0.4513272274998599, "total_loss": 4.462085247039795}
{"data_time": 0.0010226990052615292, "eta_seconds": 347.2280094224043, "iteration": 59, "lr": 9.877961652988517e-05, "time": 0.45269678999466123, "total_loss": 3.88802433013916}
{"data_time": 0.001115479004511144, "eta_seconds": 339.54449604094407, "iteration": 79, "lr": 9.781915865496741e-05, "time": 0.4518131285003619, "total_loss": 3.7063099145889282}
{"data_time": 0.0009189955089823343, "eta_seconds": 331.2209225663246, "iteration": 99, "lr": 9.658960875281063e-05, "time": 0.4559448415020597, "total_loss": 3.4072470664978027}
{"data_time": 0.0009783485002117231, "eta_seconds": 322.248027940288, "iteration": 119, "lr": 9.509795896116974e-05, "time": 0.45461362650530646, "total_loss": 3.3014026880264282}
{"data_time": 0.0009435614992980845, "eta_seconds": 313.2191005018758, "iteration": 139, "lr": 9.335269191324817e-05, "time": 0.45277437299955636, "total_loss": 3.1796066761016846}
{"data_time": 0.0009008320121211, "eta_seconds": 304.03260771232453, "iteration": 159, "lr": 9.136373249911891e-05, "time": 0.20963898899935884, "total_loss": 3.1277910470962524}
{"data_time": 0.0008867944998200983, "eta_seconds": 293.6148276026943, "iteration": 179, "lr": 8.91423914253976e-05, "time": 0.21077317850722466, "total_loss": 3.0655031204223633}
{"data_time": 0.0009138314999290742, "eta_seconds": 283.6822495123997, "iteration": 199, "lr": 8.670130089412897e-05, "time": 0.2117933115005144, "total_loss": 2.9812432527542114}
{"data_time": 0.000884560497070197, "eta_seconds": 274.16029707279813, "iteration": 219, "lr": 8.405434276666486e-05, "time": 0.21225361600227188, "total_loss": 2.899365782737732}
{"data_time": 0.0008864155024639331, "eta_seconds": 263.1195805088719, "iteration": 239, "lr": 8.121656962104726e-05, "time": 0.21137867550714873, "total_loss": 2.8512929677963257}
{"data_time": 0.0009167575044557452, "eta_seconds": 239.94441411055595, "iteration": 259, "lr": 7.820411915182328e-05, "time": 0.21280110649968265, "total_loss": 2.830628275871277}
{"data_time": 0.0009059505027835257, "eta_seconds": 118.73244150123355, "iteration": 279, "lr": 7.503412239907816e-05, "time": 0.21245560900570126, "total_loss": 2.7445104122161865}
{"data_time": 0.0008864275005180389, "eta_seconds": 114.28761756976746, "iteration": 299, "lr": 7.172460632856503e-05, "time": 0.21363893250236288, "total_loss": 2.731362462043762}
{"data_time": 0.0008783429948380217, "eta_seconds": 109.82723351845925, "iteration": 319, "lr": 6.829439131693272e-05, "time": 0.21285713549877983, "total_loss": 2.627673625946045}
{"data_time": 0.0009003855011542328, "eta_seconds": 105.4468335470956, "iteration": 339, "lr": 6.476298412502792e-05, "time": 0.21245823500794359, "total_loss": 2.5476016998291016}
{"data_time": 0.0009073040055227466, "eta_seconds": 101.01967874580441, "iteration": 359, "lr": 6.115046696790442e-05, "time": 0.21191997500136495, "total_loss": 2.501608729362488}
{"data_time": 0.0008806594923953526, "eta_seconds": 96.70003367557365, "iteration": 379, "lr": 5.747738331237097e-05, "time": 0.21220747699408093, "total_loss": 2.4834389686584473}
{"data_time": 0.0009029105058289133, "eta_seconds": 92.46439179059234, "iteration": 399, "lr": 5.3764621051517426e-05, "time": 0.21521144849975826, "total_loss": 2.4501014947891235}
{"data_time": 0.0008746035018702969, "eta_seconds": 88.1613993554347, "iteration": 419, "lr": 5.003329372057619e-05, "time": 0.21245870900020236, "total_loss": 2.405715584754944}
{"data_time": 0.0008744115111767314, "eta_seconds": 83.85806175578182, "iteration": 439, "lr": 4.630462042961423e-05, "time": 0.21267099949909607, "total_loss": 2.336915135383606}
{"data_time": 0.0008695145006640814, "eta_seconds": 79.57318102467252, "iteration": 459,